QB,NAV
GC-J-A64GB-O-Industrial-Nvidia,GC-Jetson-AGX64GB-Orin-Industrial-Nvidia-JetPack-6.0
GC-Jetson-AGX64GB-Orin-Nvidia,GC-Jetson-AGX64GB-Orin-Nvidia-JetPack-6.0
AccsyBx-Cardholder-10108GC-5080,AccsyBx-Cardholder-10108GC-5080_70_70Ti
Cblkit-FP-NRU-230V-AWP_NRU-240S,Cblkit-FP-NRU-230V-AWP_NRU-240S-AWP
E-mPCIe-GPS-M800_Mod_40CM,Extnd-mPCIeHS_GPS-M800_Mod_Cbl-40CM_kits
Cbl-M12A5F-OT2-B-Red-Fuse-100CM,Cbl-M12A5F-OT2-Black-Red-Fuse-100CM
AccsyBx-Cardholder-9160GC-2000E,AccsyBx-Cardholder-9160GC-2000EAda
M.280-SSD-4TB-PCIe4-TLCWT5NH-IK,M.280-SSD-4TB-PCIe4-TLCWT5-NH-IK
M.242-SSD-128GB-PCIe34-TLC5WT-T,M.242-SSD-128GB-PCIe34-TLC5WT-TD
M.242-SSD-256GB-PCIe34-TLC5WT-T,M.242-SSD-256GB-PCIe34-TLC5WT-TD
M.280-SSD-256GB-PCIe44-TLC5WT-T,M.280-SSD-256GB-PCIe44-TLC5WT-TD
M.280-SSD-512GB-PCIe44-TLC5WT-T,M.280-SSD-512GB-PCIe44-TLC5WT-TD
E-mPCIe-BTWifi-WT-6218_Mod_40CM,Extnd-mPCIeHS-BTWifi-WT-6218_Mod_Cbl-40CM_kits
GC-Jetson-NX16G-Orin-Nvidia,GC-Jetson-NX16G-Orin-Nvidia-JetPack6.0
FPnl-3Ant-NRU-170-PPC series,FPnl-3Ant-NRU-170-PPCseries
